weapon_name,type,rarity,base_atk,max_atk,substat_type,base_substat,max_substat,passive_name,passive_ability,ascension_material_1,ascension_material_2,ascension_material_3,ascension_material_4,elite_enemy_drop_1,elite_enemy_drop_2,elite_enemy_drop_3,general_enemy_drop_1,general_enemy_drop_2,general_enemy_drop_3
"""The Catch""",Polearm,4 Stars,42,510,Energy Recharge,10.00%,45.90%,Shanty,Increases Elemental Burst DMG by 16~32% and Elemental Burst CRIT Rate by 6~12%.,Mask of the Wicked Lieutenant,Mask of the Tiger's Bite,Mask of the One-Horned,Mask of the Kijin,Chaos Gear,Chaos Axis,Chaos Oculus,Spectral Husk,Spectral Heart,Spectral Nucleus
A Thousand Floating Dreams,Catalyst,5 Stars,44,542,Elemental Mastery,58,265,A Thousand Nights' Dawnsong,"Party members other than the equipping character will provide the equipping character with buffs based on whether their Elemental Type is the same as the latter or not. If their Elemental Types are the same, increase Elemental Mastery by 32~64. If not, increase the equipping character's DMG Bonus from their Elemental Type by 10~26%. Each of the aforementioned effects can have up to 3 stacks. Additionally, all nearby party members other than the equipping character will have their Elemental Mastery increased by 40~48. Multiple such effects from multiple such weapons can stack.",Oasis Garden's Reminiscence,Oasis Garden's Kindness,Oasis Garden's Mourning,Oasis Garden's Truth,Damaged Prism,Turbid Prism,Radiant Prism,Fungal Spores,Luminescent Pollen,Crystalline Cyst Dust
Akuoumaru,Claymore,4 Stars,42,510,ATK,9%,41.30%,Watatsumi Wavewalker,"For every point of the entire party's combined maximum Energy capacity, the Elemental Burst DMG of the character equipping this weapon is increased by 0.12~0.24%. A maximum of 40~80% increased Elemental Burst DMG can be achieved this way.",Coral Branch of a Distant Sea,Jeweled Branch of a Distant Sea,Jade Branch of a Distant Sea,Golden Branch of a Distant Sea,Concealed Claw,Concealed Unguis,Concealed Talon,Old Handguard,Kageuchi Handguard,Famed Handguard
Alley Hunter,Bow,4 Stars,44,565,ATK,6%,27.60%,Oppidan Ambush,"While the character equipped with this weapon is in the party but not on the field, their DMG increases by 2~4% every second up to a max of 20~40%. When the character is on the field for more than 4s, the aforementioned DMG buff decreases by 4~8% per second until it reaches 0%.",Fetters of the Dandelion Gladiator,Chains of the Dandelion Gladiator,Shackles of the Dandelion Gladiator,Dream of the Dandelion Gladiator,Chaos Device,Chaos Circuit,Chaos Core,Slime Condensate,Slime Secretions,Slime Concentrate
Amenoma Kageuchi,Sword,4 Stars,41,454,ATK,12%,55.10%,Iwakura Succession,"After casting an Elemental Skill, gain 1 Succession Seed. This effect can be triggered once every 5s. The Succession Seed lasts for 30s. Up to 3 Succession Seeds may exist simultaneously. After using an Elemental Burst, all Succession Seeds are consumed and after 2s, the character regenerates 6~12 Energy for each seed consumed.",Coral Branch of a Distant Sea,Jeweled Branch of a Distant Sea,Jade Branch of a Distant Sea,Golden Branch of a Distant Sea,Chaos Gear,Chaos Axis,Chaos Oculus,Old Handguard,Kageuchi Handguard,Famed Handguard
Amos' Bow,Bow,5 Stars,46,608,ATK,10.80%,49.60%,Strong-Willed,"Increases Normal Attack and Charged Attack DMG by 12~24%. After a Normal or Charged Attack is fired, DMG dealt increases by a further 8~16% every 0.1 seconds the arrow is in the air for up to 5 times.",Fetters of the Dandelion Gladiator,Chains of the Dandelion Gladiator,Shackles of the Dandelion Gladiator,Dream of the Dandelion Gladiator,Chaos Device,Chaos Circuit,Chaos Core,Slime Condensate,Slime Secretions,Slime Concentrate
Apprentice's Notes,Catalyst,1 Star,23,185,,,,,,Tile of Decarabian's Tower,Debris of Decarabian's City,Fragment of Decarabaian's Epic,,Heavy Horn,Black Bronze Horn,,Damaged Mask,Stained Mask,
Aqua Simulacra,Bow,5 Stars,44,542,CRIT DMG,19.20%,88.20%,The Cleansing Form,"HP is increased by 16~32%. When there are opponents nearby, the DMG dealt by the wielder of this weapon is increased by 20~40%. This will take effect whether the character is on-field or not.",Luminous Sands from Guyun,Lustrous Stone from Guyun,Relic from Guyun,Divine Body from Guyun,Gloomy Statuette,Dark Statuette,Deathly Statuette,Spectral Husk,Spectral Heart,Spectral Nucleus
Aquila Favonia,Sword,5 Stars,48,674,Physical DMG Bonus,9%,41.30%,Falcon's Defiance,"ATK is increased by 20~40%. Triggers on taking DMG: the soul of the Falcon of the West awakens, holding the banner of the resistance aloft, regenerating HP equal to 100~160% of ATK and dealing 200~320% of ATK as DMG to surrounding opponents. This effect can only occur once every 15s.",Tile of Decarabian's Tower,Debris of Decarabian's City,Fragment of Decarabaian's Epic,Scattered Piece of Decarabian's Dream,Heavy Horn,Black Bronze Horn,Black Crystal Horn,Firm Arrowhead,Sharp Arrowhead,Weathered Arrowhead
Ballad of the Fjords,Polearm,4 Stars,42,510,CRIT Rate,6%,27.60%,Tales of the Tundra,"When there are at least 3 different Elemental Types in your party, Elemental Mastery will be increased by 120~240.",Broken Goblet of the Pristine Sea,Wine Goblet of the Pristine Sea,Silver Goblet of the Pristine Sea,Golden Goblet of the Pristine Sea,A Flower Yet to Bloom,Treasured Flower,Wanderer's Blooming Flower,Whopperflower Nectar,Shimmering Nectar,Energy Nectar
Beacon of the Reed Sea,Claymore,5 Stars,46,608,CRIT Rate,7.20%,33.10%,Desert Watch,"After the character's Elemental Skill hits an opponent, their ATK will be increased by 20~40% for 8s. After the character takes DMG, their ATK will be increased by 20~40% for 8s. The 2 aforementioned effects can be triggered even when the character is not on the field. Additionally, when not protected by a shield, the character's Max HP will be increased by 32~64%.",Echo of Scorching Might,Remnant Glow of Scorching Might,Dream of Scorching Might,Olden Days of Scorching Might,Desiccated Shell,Sturdy Shell,Marked Shell,Faded Red Satin,Trimmed Red Silk,Rich Red Brocade
Beginner's Protector,Polearm,1 Star,23,185,,,,,,Fetters of the Dandelion Gladiator,Chains of the Dandelion Gladiator,Shackles of the Dandelion Gladiator,,Chaos Device,Chaos Circuit,,Divining Scroll,Sealed Scroll,
Black Tassel,Polearm,3 Stars,38,354,HP,10.20%,46.90%,Bane of the Soft,Increases DMG against slimes by 40~80%.,Luminous Sands from Guyun,Lustrous Stone from Guyun,Relic from Guyun,Divine Body from Guyun,Fragile Bone Shard,Sturdy Bone Shard,Fossilized Bone Shard,Firm Arrowhead,Sharp Arrowhead,Weathered Arrowhead
Blackcliff Agate,Catalyst,4 Stars,42,510,CRIT DMG,12%,55.10%,Press the Advantage,"After defeating an opponent, ATK is increased by 12~24% for 30s. This effect has a maximum of 3 stacks, and the duration of each stack is independent of the others.",Luminous Sands from Guyun,Lustrous Stone from Guyun,Relic from Guyun,Divine Body from Guyun,Hunter's Sacrificial Knife,Agent's Sacrificial Knife,Inspector's Sacrificial Knife,Divining Scroll,Sealed Scroll,Forbidden Curse Scroll
Blackcliff Longsword,Sword,4 Stars,44,565,CRIT DMG,8%,36.80%,Press the Advantage,"After defeating an opponent, ATK is increased by 12~24% for 30s. This effect has a maximum of 3 stacks, and the duration of each stack is independent of the others.",Luminous Sands from Guyun,Lustrous Stone from Guyun,Relic from Guyun,Divine Body from Guyun,Hunter's Sacrificial Knife,Agent's Sacrificial Knife,Inspector's Sacrificial Knife,Firm Arrowhead,Sharp Arrowhead,Weathered Arrowhead
Blackcliff Pole,Polearm,4 Stars,42,510,CRIT DMG,12%,55.10%,Press the Advantage,"After defeating an opponent, ATK is increased by 12~24% for 30s. This effect has a maximum of 3 stacks, and the duration of each stack is independent of the others.",Mist Veiled Lead Elixir,Mist Veiled Mercury Elixir,Mist Veiled Gold Elixir,Mist Veiled Primo Elixir,Mist Grass Pollen,Mist Grass,Mist Grass Wick,Recruit's Insignia,Sergeant's Insignia,Lieutenant's Insignia
Blackcliff Slasher,Claymore,4 Stars,42,510,CRIT DMG,12%,55.10%,Press the Advantage,"After defeating an opponent, ATK is increased by 12~24% for 30s. This effect has a maximum of 3 stacks, and the duration of each stack is independent of the others.",Mist Veiled Lead Elixir,Mist Veiled Mercury Elixir,Mist Veiled Gold Elixir,Mist Veiled Primo Elixir,Mist Grass Pollen,Mist Grass,Mist Grass Wick,Recruit's Insignia,Sergeant's Insignia,Lieutenant's Insignia
Blackcliff Warbow,Bow,4 Stars,44,565,CRIT DMG,8%,36.80%,Press the Advantage,"After defeating an opponent, ATK is increased by 12~24% for 30s. This effect has a maximum of 3 stacks, and the duration of each stack is independent of the others.",Luminous Sands from Guyun,Lustrous Stone from Guyun,Relic from Guyun,Divine Body from Guyun,Hunter's Sacrificial Knife,Agent's Sacrificial Knife,Inspector's Sacrificial Knife,Whopperflower Nectar,Shimmering Nectar,Energy Nectar
Bloodtainted Greatsword,Claymore,3 Stars,38,354,Elemental Mastery,41,187,Bane of Fire and Thunder,Increases DMG against opponents affected by Pyro or Electro by 12~24%.,Boreal Wolf's Milk Tooth,Boreal Wolf's Cracked Tooth,Boreal Wolf's Broken Fang,Boreal Wolf's Nostalgia,Dead Ley Line Branch,Dead Ley Line Leaves,Ley Line Sprout,Firm Arrowhead,Sharp Arrowhead,Weathered Arrowhead
Calamity Queller,Polearm,5 Stars,49,741,ATK,3.60%,16.50%,Extinguishing Precept,"Gain 12~24% All Elemental DMG Bonus. Obtain Consummation for 20s after using an Elemental Skill, causing ATK to increase by 3.2~6.4% per second. This ATK increase has a maximum of 6 stacks. When the character equipped with this weapon is not on the field, Consummation's ATK increase is doubled.",Mist Veiled Lead Elixir,Mist Veiled Mercury Elixir,Mist Veiled Gold Elixir,Mist Veiled Primo Elixir,Mist Grass Pollen,Mist Grass,Mist Grass Wick,Whopperflower Nectar,Shimmering Nectar,Energy Nectar
Cinnabar Spindle,Sword,4 Stars,41,454,DEF,15%,69.00%,Spotless Heart,Elemental Skill DMG is increased by 40~80% of DEF. The effect will be triggered no more than once every 1.5s and will be cleared 0.1s after the Elemental Skill deals DMG.,Tile of Decarabian's Tower,Debris of Decarabian's City,Fragment of Decarabaian's Epic,Scattered Piece of Decarabian's Dream,Chaos Device,Chaos Circuit,Chaos Core,Damaged Mask,Stained Mask,Ominous Mask
Compound Bow,Bow,4 Stars,41,454,Physical DMG Bonus,15%,69.00%,Infusion Arrow,Normal Attack and Charged Attack hits increase ATK by 4~8% and Normal ATK SPD by 1.2~2.4% for 6s. Max 4 stacks. Can only occur once every 0.3s.,Grain of Aerosiderite,Piece of Aerosiderite,Bit of Aerosiderite,Chunk of Aerosiderite,Fragile Bone Shard,Sturdy Bone Shard,Fossilized Bone Shard,Recruit's Insignia,Sergeant's Insignia,Lieutenant's Insignia
Cool Steel,Sword,3 Stars,39,401,ATK,7.70%,35.20%,Bane of Water and Ice,Increases DMG against opponents affected by Hydro or Cryo by 12~24%.,Tile of Decarabian's Tower,Debris of Decarabian's City,Fragment of Decarabaian's Epic,Scattered Piece of Decarabian's Dream,Heavy Horn,Black Bronze Horn,Black Crystal Horn,Firm Arrowhead,Sharp Arrowhead,Weathered Arrowhead
Crescent Pike,Polearm,4 Stars,44,565,Physical DMG Bonus,7.50%,34.50%,Infusion Needle,"After picking up an Elemental Orb/Particle, Normal and Charged Attacks deal an additional 20~40% ATK as DMG for 5s.",Luminous Sands from Guyun,Lustrous Stone from Guyun,Relic from Guyun,Divine Body from Guyun,Hunter's Sacrificial Knife,Agent's Sacrificial Knife,Inspector's Sacrificial Knife,Treasure Hoarder Insignia,Silver Raven Insignia,Golden Raven Insignia
Dark Iron Sword,Sword,3 Stars,39,401,Elemental Mastery,31,141,Overloaded,"Upon causing an , Superconduct, Electro-Charged, Quicken, Aggravate, Hyperbloom, or Electro-infused Swirl reaction, ATK is increased by 20~40% for 12s.",Luminous Sands from Guyun,Lustrous Stone from Guyun,Relic from Guyun,Divine Body from Guyun,Hunter's Sacrificial Knife,Agent's Sacrificial Knife,Inspector's Sacrificial Knife,Damaged Mask,Stained Mask,Ominous Mask
Deathmatch,Polearm,4 Stars,41,454,CRIT Rate,8%,36.80%,Gladiator,"If there are at least 2 opponents nearby, ATK is increased by 16~32% and DEF is increased by 16~32%. If there are fewer than 2 opponents nearby, ATK is increased by 24~48%.",Boreal Wolf's Milk Tooth,Boreal Wolf's Cracked Tooth,Boreal Wolf's Broken Fang,Boreal Wolf's Nostalgia,Dead Ley Line Branch,Dead Ley Line Leaves,Ley Line Sprout,Whopperflower Nectar,Shimmering Nectar,Energy Nectar
Debate Club,Claymore,3 Stars,39,401,ATK,7.70%,35.20%,Blunt Conclusion,"After using an Elemental Skill, Normal or Charged Attacks, on hit, deal an additional 60~120% ATK DMG in a small area. Effect lasts 15s. DMG can only occur once every 3s.",Mist Veiled Lead Elixir,Mist Veiled Mercury Elixir,Mist Veiled Gold Elixir,Mist Veiled Primo Elixir,Mist Grass Pollen,Mist Grass,Mist Grass Wick,Damaged Mask,Stained Mask,Ominous Mask
Dodoco Tales,Catalyst,4 Stars,41,454,ATK,12%,55.10%,Dodoventure!,Normal Attack hits on opponents increase Charged Attack DMG by 16~32% for 6s. Charged Attack hits on opponents increase ATK by 8~16% for 6s.,Boreal Wolf's Milk Tooth,Boreal Wolf's Cracked Tooth,Boreal Wolf's Broken Fang,Boreal Wolf's Nostalgia,Dead Ley Line Branch,Dead Ley Line Leaves,Ley Line Sprout,Damaged Mask,Stained Mask,Ominous Mask
Dragon's Bane,Polearm,4 Stars,41,454,Elemental Mastery,48,221,Bane of Flame and Water,Increases DMG against opponents affected by Hydro or Pyro by 20~36%.,Mist Veiled Lead Elixir,Mist Veiled Mercury Elixir,Mist Veiled Gold Elixir,Mist Veiled Primo Elixir,Mist Grass Pollen,Mist Grass,Mist Grass Wick,Divining Scroll,Sealed Scroll,Forbidden Curse Scroll
Dragonspine Spear,Polearm,4 Stars,41,454,Physical DMG Bonus,15%,69.00%,Frost Burial,"Hitting an opponent with Normal and Charged Attacks has a 60~100% chance of forming and dropping an Everfrost Icicle above them, dealing 80~140% AoE ATK DMG. Opponents affected by Cryo are dealt 200~360% ATK DMG instead by the icicle. Can only occur once every 10s.",Mist Veiled Lead Elixir,Mist Veiled Mercury Elixir,Mist Veiled Gold Elixir,Mist Veiled Primo Elixir,Mist Grass Pollen,Mist Grass,Mist Grass Wick,Recruit's Insignia,Sergeant's Insignia,Lieutenant's Insignia
Dull Blade,Sword,1 Star,23,185,,,,,,Tile of Decarabian's Tower,Debris of Decarabian's City,Fragment of Decarabaian's Epic,,Heavy Horn,Black Bronze Horn,,Firm Arrowhead,Sharp Arrowhead,
Elegy for the End,Bow,5 Stars,46,608,Energy Recharge,12%,55.10%,The Parting Refrain,"A part of the ""Millennial Movement"" that wanders amidst the winds.Increases Elemental Mastery by 60~120.When the Elemental Skills or Elemental Bursts of the character wielding this weapon hit opponents, that character gains a Sigil of Remembrance. This effect can be triggered once every 0.2s and can be triggered even if said character is not on the field.When you possess 4 Sigils of Remembrance, all of them will be consumed and all nearby party members will obtain the ""Millennial Movement: Farewell Song"" effect for 12s.""Millennial Movement: Farewell Song"" increases Elemental Mastery by 100~200 and increases ATK by 20~40%. Once this effect is triggered, you will not gain Sigils of Remembrance for 20s.Of the many effects of the ""Millennial Movement,"" buffs of the same type will not stack.",Boreal Wolf's Milk Tooth,Boreal Wolf's Cracked Tooth,Boreal Wolf's Broken Fang,Boreal Wolf's Nostalgia,Heavy Horn,Black Bronze Horn,Black Crystal Horn,Recruit's Insignia,Sergeant's Insignia,Lieutenant's Insignia
Emerald Orb,Catalyst,3 Stars,40,448,Elemental Mastery,20,94,Rapids,"Upon causing a Vaporize, Electro-Charged, Frozen, Bloom, or a Hydro-infused Swirl reaction, increases ATK by 20~40% for 12s.",Luminous Sands from Guyun,Lustrous Stone from Guyun,Relic from Guyun,Divine Body from Guyun,Hunter's Sacrificial Knife,Agent's Sacrificial Knife,Inspector's Sacrificial Knife,Treasure Hoarder Insignia,Silver Raven Insignia,Golden Raven Insignia
End of the Line,Bow,4 Stars,42,510,Energy Recharge,10.00%,45.90%,Net Snapper,"Triggers the Flowrider effect after using an Elemental Skill, dealing 80~160% ATK as AoE DMG upon hitting an opponent with an attack. Flowrider will be removed after 15s or after causing 3 instances of AoE DMG. Only 1 instance of AoE DMG can be caused every 2s in this way. Flowrider can be triggered once every 12s.",Echo of Scorching Might,Remnant Glow of Scorching Might,Dream of Scorching Might,Olden Days of Scorching Might,Inactivated Fungal Nucleus,Dormant Fungal Nucleus,Robust Fungal Nucleus,Fungal Spores,Luminescent Pollen,Crystalline Cyst Dust
Engulfing Lightning,Polearm,5 Stars,46,608,Energy Recharge,12%,55.10%,Timeless Dream: Eternal Stove,ATK increased by 28~56% of Energy Recharge over the base 100%. You can gain a maximum bonus of 80~120% ATK. Gain 30~50% Energy Recharge for 12s after using an Elemental Burst.,Mask of the Wicked Lieutenant,Mask of the Tiger's Bite,Mask of the One-Horned,Mask of the Kijin,Chaos Gear,Chaos Axis,Chaos Oculus,Old Handguard,Kageuchi Handguard,Famed Handguard
Everlasting Moonglow,Catalyst,5 Stars,46,608,HP,10.80%,49.60%,Byakuya Kougetsu,"Healing Bonus increased by 10~20%, Normal Attack DMG is increased by 1~3.0% of the Max HP of the character equipping this weapon. For 12s after using an Elemental Burst, Normal Attacks that hit opponents will restore 0.6 Energy. Energy can be restored this way once every 0.1s.",Coral Branch of a Distant Sea,Jeweled Branch of a Distant Sea,Jade Branch of a Distant Sea,Golden Branch of a Distant Sea,Dismal Prism,Crystal Prism,Polarizing Prism,Spectral Husk,Spectral Heart,Spectral Nucleus
Eye of Perception,Catalyst,4 Stars,41,454,ATK,12%,55.10%,Echo,"Normal and Charged Attacks have a 50% chance to fire a Bolt of Perception, dealing 240~360% ATK as DMG. This bolt can bounce between opponents a maximum of 4 times. This effect can occur once every 12~8s.",Mist Veiled Lead Elixir,Mist Veiled Mercury Elixir,Mist Veiled Gold Elixir,Mist Veiled Primo Elixir,Mist Grass Pollen,Mist Grass,Mist Grass Wick,Damaged Mask,Stained Mask,Ominous Mask
Fading Twilight,Bow,4 Stars,44,565,Energy Recharge,6.70%,30.60%,Radiance of the Deeps,"Has three states, Evengleam, Afterglow, and Dawnblaze, which increase DMG dealt by 6%/10%/14%~12%/20%/28% respectively. When attacks hit opponents, this weapon will switch to the next state. This weapon can change states once every 7s. The character equipping this weapon can still trigger the state switch while not on the field.",Grain of Aerosiderite,Piece of Aerosiderite,Bit of Aerosiderite,Chunk of Aerosiderite,Hunter's Sacrificial Knife,Agent's Sacrificial Knife,Inspector's Sacrificial Knife,Divining Scroll,Sealed Scroll,Forbidden Curse Scroll
Favonius Codex,Catalyst,4 Stars,42,510,Energy Recharge,10.00%,45.90%,Windfall,"CRIT hits have a 60~100% chance to generate a small amount of Elemental Particles, which will regenerate 6 Energy for the character. Can only occur once every 12~6s.",Tile of Decarabian's Tower,Debris of Decarabian's City,Fragment of Decarabaian's Epic,Scattered Piece of Decarabian's Dream,Heavy Horn,Black Bronze Horn,Black Crystal Horn,Divining Scroll,Sealed Scroll,Forbidden Curse Scroll
Favonius Greatsword,Claymore,4 Stars,41,454,Energy Recharge,13.30%,61.30%,Windfall,"CRIT hits have a 60~100% chance to generate a small amount of Elemental Particles, which will regenerate 6 Energy for the character. Can only occur once every 12~6s.",Fetters of the Dandelion Gladiator,Chains of the Dandelion Gladiator,Shackles of the Dandelion Gladiator,Dream of the Dandelion Gladiator,Chaos Device,Chaos Circuit,Chaos Core,Recruit's Insignia,Sergeant's Insignia,Lieutenant's Insignia
Favonius Lance,Polearm,4 Stars,44,565,Energy Recharge,6.70%,30.60%,Windfall,"CRIT Hits have a 60~100% chance to generate a small amount of Elemental Particles, which will regenerate 6 Energy for the character. Can only occur once every 12~6s.",Fetters of the Dandelion Gladiator,Chains of the Dandelion Gladiator,Shackles of the Dandelion Gladiator,Dream of the Dandelion Gladiator,Chaos Device,Chaos Circuit,Chaos Core,Slime Condensate,Slime Secretions,Slime Concentrate
Favonius Sword,Sword,4 Stars,41,454,Energy Recharge,13.30%,61.30%,Windfall,"CRIT hits have a 60~100% chance to generate a small amount of Elemental Particles, which will regenerate 6 Energy for the character. Can only occur once every 12~6s.",Tile of Decarabian's Tower,Debris of Decarabian's City,Fragment of Decarabaian's Epic,Scattered Piece of Decarabian's Dream,Heavy Horn,Black Bronze Horn,Black Crystal Horn,Firm Arrowhead,Sharp Arrowhead,Weathered Arrowhead
Favonius Warbow,Bow,4 Stars,41,454,Energy Recharge,13.30%,61.30%,Windfall,"CRIT hits have a 60~100% chance to generate a small amount of Elemental Particles, which will regenerate 6 Energy for the character. Can only occur once every 12~6s.",Fetters of the Dandelion Gladiator,Chains of the Dandelion Gladiator,Shackles of the Dandelion Gladiator,Dream of the Dandelion Gladiator,Chaos Device,Chaos Circuit,Chaos Core,Whopperflower Nectar,Shimmering Nectar,Energy Nectar
Ferrous Shadow,Claymore,3 Stars,39,401,HP,7.70%,35.20%,Unbending,"When HP falls below 70~90%, increases Charged Attack DMG by 30~50%, and Charged Attacks become much harder to interrupt.",Tile of Decarabian's Tower,Debris of Decarabian's City,Fragment of Decarabaian's Epic,Scattered Piece of Decarabian's Dream,Heavy Horn,Black Bronze Horn,Black Crystal Horn,Whopperflower Nectar,Shimmering Nectar,Energy Nectar
Festering Desire,Sword,4 Stars,42,510,Energy Recharge,10.00%,45.90%,Undying Admiration,Increases Elemental Skill DMG by 16~32% and Elemental Skill CRIT Rate by 6~12%.,Fetters of the Dandelion Gladiator,Chains of the Dandelion Gladiator,Shackles of the Dandelion Gladiator,Dream of the Dandelion Gladiator,Heavy Horn,Black Bronze Horn,Black Crystal Horn,Recruit's Insignia,Sergeant's Insignia,Lieutenant's Insignia
Fillet Blade,Sword,3 Stars,39,401,ATK,7.70%,35.20%,Gash,"On hit, has 50% chance to deal 240~400% ATK DMG to a single enemy. Can only occur once every 15~11s.",Mist Veiled Lead Elixir,Mist Veiled Mercury Elixir,Mist Veiled Gold Elixir,Mist Veiled Primo Elixir,Mist Grass Pollen,Mist Grass,Mist Grass Wick,Treasure Hoarder Insignia,Silver Raven Insignia,Golden Raven Insignia
Finale of the Deep,Sword,4 Stars,44,565,ATK,6%,27.60%,An End Sublime,"When using an Elemental Skill, ATK will be increased by 12~24% for 15s, and a Bond of Life worth 25% of Max HP will be granted. This effect can be triggered once every 10s. When the Bond of Life is cleared, a maximum of 150~300 ATK will be gained based on 2.4~4.8% Of the total amount of the Life Bond cleared, lasting for 15s.",Dross of Pure Sacred Dewdrop,Sublimation of Pure Sacred Dewdrop,Spring of Pure Sacred Dewdrop,Essence of Pure Sacred Dewdrop,Drop of Tainted Water,Scoop of Tainted Water,Newborn Tainted Hydro Phantasm,Old Handguard,Kageuchi Handguard,Famed Handguard
Fleuve Cendre Ferryman,Sword,4 Stars,42,510,Energy Recharge,10.00%,45.90%,Ironbone,"Increases Elemental Skill CRIT Rate by 8~16%. Additionally, increases Energy Recharge by 16~32% for 5s after using an Elemental Skill.",Fragment of an Ancient Chord,Chapter of an Ancient Chord,Movement of an Ancient Chord,Echo of an Ancient Chord,Drop of Tainted Water,Scoop of Tainted Water,Newborn Tainted Hydro Phantasm,Transoceanic Pearl,Transoceanic Chunk,Xenochromatic Crystal
Flowing Purity,Catalyst,4 Stars,44,565,ATK,6%,27.60%,Unfinished Masterpiece,"When using an Elemental Skill, All Elemental DMG Bonus will be increased by 8~16% for 15s, and a Bond of Life worth 24% of Max HP will be granted. This effect can be triggered once every 10s. When the Bond Of Life is cleared, every 1,000 HP cleared in the process will provide 2~4% All Elemental DMG Bonus, up to a maximum of 12~24%. This effect lasts 15s.",Dross of Pure Sacred Dewdrop,Sublimation of Pure Sacred Dewdrop,Spring of Pure Sacred Dewdrop,Essence of Pure Sacred Dewdrop,Rift Core,Foreign Synapse,Alien Life Core,Transoceanic Pearl,Transoceanic Chunk,Xenochromatic Crystal
Forest Regalia,Claymore,4 Stars,44,565,Energy Recharge,6.70%,30.60%,Forest Sanctuary,"After triggering Burning, Quicken, Aggravate, Spread, Bloom, Hyperbloom, or Burgeon, a Leaf of Consciousness will be created around the character for a maximum of 10s. When picked up, the Leaf will grant the character 60~120 Elemental Mastery for 12s. Only 1 Leaf can be generated this way every 20s. This effect can still be triggered if the character is not on the field. The Leaf of Consciousness' effect cannot stack.",Copper Talisman of the Forest Dew,Iron Talisman of the Forest Dew,Silver Talisman of the Forest Dew,Golden Talisman of the Forest Dew,Chaos Storage,Chaos Module,Chaos Bolt,Faded Red Satin,Trimmed Red Silk,Rich Red Brocade
Freedom-Sworn,Sword,5 Stars,46,608,Elemental Mastery,43,198,Revolutionary Chorale,"A part of the ""Millennial Movement"" that wanders amidst the winds.Increases DMG by 10~20%.When the character wielding this weapon triggers Elemental Reactions, they gain a Sigil of Rebellion. This effect can be triggered once every 0.5s and can be triggered even if said character is not on the field.When you possess 2 Sigils of Rebellion, all of them will be consumed and all nearby party members will obtain ""Millennial Movement: Song of Resistance"" for 12s.""Millennial Movement: Song of Resistance"" increases Normal, Charged, and Plunging Attack DMG by 16~32% and increases ATK by 20~40%. Once this effect is triggered, you will not gain Sigils of Rebellion for 20s.Of the many effects of the ""Millennial Movement,"" buffs of the same type will not stack.",Fetters of the Dandelion Gladiator,Chains of the Dandelion Gladiator,Shackles of the Dandelion Gladiator,Dream of the Dandelion Gladiator,Chaos Device,Chaos Circuit,Chaos Core,Divining Scroll,Sealed Scroll,Forbidden Curse Scroll
Frostbearer,Catalyst,4 Stars,42,510,ATK,9%,41.30%,Frost Burial,"Hitting an opponent with Normal and Charged Attacks has a 60~100% chance of forming and dropping an Everfrost Icicle above them, dealing 80~140% AoE ATK DMG. Opponents affected by Cryo are dealt 200~360% ATK DMG instead by the icicle. Can only occur once every 10s.",Fetters of the Dandelion Gladiator,Chains of the Dandelion Gladiator,Shackles of the Dandelion Gladiator,Dream of the Dandelion Gladiator,Chaos Device,Chaos Circuit,Chaos Core,Whopperflower Nectar,Shimmering Nectar,Energy Nectar
Fruit of Fulfillment,Catalyst,4 Stars,42,510,Energy Recharge,10.00%,45.90%,Full Circle,"Obtain the ""Wax and Wane"" effect after an Elemental Reaction is triggered, gaining 24~36 Elemental Mastery while losing 5% ATK. For every 0.3s, 1 stack of Wax and Wane can be gained. Max 5 stacks. For every 6s that go by without an Elemental Reaction being triggered, 1 stack will be lost. This effect can be triggered even when the character is off-field.",Oasis Garden's Reminiscence,Oasis Garden's Kindness,Oasis Garden's Mourning,Oasis Garden's Truth,Gloomy Statuette,Dark Statuette,Deathly Statuette,Fungal Spores,Luminescent Pollen,Crystalline Cyst Dust
Hakushin Ring,Catalyst,4 Stars,44,565,Energy Recharge,6.70%,30.60%,Sakura Saiguu,"After the character equipped with this weapon triggers an Electro elemental reaction, nearby party members of an Elemental Type involved in the elemental reaction receive a 10~20% Elemental DMG Bonus for their element, lasting 6s. Elemental Bonuses gained in this way cannot be stacked.",Coral Branch of a Distant Sea,Jeweled Branch of a Distant Sea,Jade Branch of a Distant Sea,Golden Branch of a Distant Sea,Dismal Prism,Crystal Prism,Polarizing Prism,Divining Scroll,Sealed Scroll,Forbidden Curse Scroll
Halberd,Polearm,3 Stars,40,448,ATK,5.10%,23.40%,Heavy,Normal Attacks deal an additional 160~320% DMG. Can only occur once every 10s.,Mist Veiled Lead Elixir,Mist Veiled Mercury Elixir,Mist Veiled Gold Elixir,Mist Veiled Primo Elixir,Mist Grass Pollen,Mist Grass,Mist Grass Wick,Whopperflower Nectar,Shimmering Nectar,Energy Nectar
Hamayumi,Bow,4 Stars,41,454,ATK,12%,55.10%,Full Draw,"Increases Normal Attack DMG by 16~32% and Charged Attack DMG by 12~24%. When the equipping character's Energy reaches 100%, this effect is increased by 100%.",Narukami's Wisdom,Narukami's Joy,Narukami's Affection,Narukami's Valor,Dismal Prism,Crystal Prism,Polarizing Prism,Firm Arrowhead,Sharp Arrowhead,Weathered Arrowhead
Haran Geppaku Futsu,Sword,5 Stars,46,608,CRIT Rate,7.20%,33.10%,Honed Flow,"Obtain 12~24% All Elemental DMG Bonus. When other nearby party members use Elemental Skills, the character equipping this weapon will gain 1 Wavespike stack. Max 2 stacks. This effect can be triggered once every 0.3s. When the character equipping this weapon uses an Elemental Skill, all stacks of Wavespike will be consumed to gain Rippling Upheaval: each stack of Wavespike consumed will increase Normal Attack DMG by 20~40% for 8s.",Narukami's Wisdom,Narukami's Joy,Narukami's Affection,Narukami's Valor,Gloomy Statuette,Dark Statuette,Deathly Statuette,Old Handguard,Kageuchi Handguard,Famed Handguard
Harbinger of Dawn,Sword,3 Stars,39,401,CRIT DMG,10.20%,46.90%,Vigorous,"When HP is above 90%, increases CRIT Rate by 14~28%.",Boreal Wolf's Milk Tooth,Boreal Wolf's Cracked Tooth,Boreal Wolf's Broken Fang,Boreal Wolf's Nostalgia,Dead Ley Line Branch,Dead Ley Line Leaves,Ley Line Sprout,Slime Condensate,Slime Secretions,Slime Concentrate
Hunter's Bow,Bow,1 Star,23,185,,,,,,Boreal Wolf's Milk Tooth,Boreal Wolf's Cracked Tooth,Boreal Wolf's Broken Fang,,Dead Ley Line Branch,Dead Ley Line Leaves,,Treasure Hoarder Insignia,Silver Raven Insignia,
Hunter's Path,Bow,5 Stars,44,542,CRIT Rate,9.60%,44.10%,At the End of the Beast-Paths,Gain 12~24% All Elemental DMG Bonus. Obtain the Tireless Hunt effect after hitting an opponent with a Charged Attack. This effect increases Charged Attack DMG by 160~320% of Elemental Mastery. This effect will be removed after 12 Charged Attacks or 10s. Only 1 instance of Tireless Hunt can be gained every 12s.,Echo of Scorching Might,Remnant Glow of Scorching Might,Dream of Scorching Might,Olden Days of Scorching Might,Inactivated Fungal Nucleus,Dormant Fungal Nucleus,Robust Fungal Nucleus,Faded Red Satin,Trimmed Red Silk,Rich Red Brocade
Ibis Piercer,Bow,4 Stars,44,565,ATK,6%,27.60%,Secret Wisdom's Favor,The character's Elemental Mastery will increase by 40~80 within 6s after Charged Attacks hit opponents. Max 2 stacks. This effect can triggered once every 0.5s.,Copper Talisman of the Forest Dew,Iron Talisman of the Forest Dew,Silver Talisman of the Forest Dew,Golden Talisman of the Forest Dew,A Flower Yet to Bloom,Treasured Flower,Wanderer's Blooming Flower,Faded Red Satin,Trimmed Red Silk,Rich Red Brocade
Iron Point,Polearm,2 Stars,33,243,,,,,,Fetters of the Dandelion Gladiator,Chains of the Dandelion Gladiator,Shackles of the Dandelion Gladiator,,Chaos Device,Chaos Circuit,,Divining Scroll,Sealed Scroll,
Iron Sting,Sword,4 Stars,42,510,Elemental Mastery,36,165,Infusion Stinger,Dealing Elemental DMG increases all DMG by 6~12% for 6s. Max 2 stacks. Can only occur once every 1s.,Grain of Aerosiderite,Piece of Aerosiderite,Bit of Aerosiderite,Chunk of Aerosiderite,Fragile Bone Shard,Sturdy Bone Shard,Fossilized Bone Shard,Whopperflower Nectar,Shimmering Nectar,Energy Nectar
Jadefall's Splendor,Catalyst,5 Stars,46,608,HP,10.80%,49.60%,Primordial Jade Regalia,"For 3s after using an Elemental Burst or creating a shield, the equipping character can gain the  effect: Restore 4.5~6.5 Energy every 2.5s, and gain 0.3~1.1% Elemental DMG Bonus for their corresponding Elemental Type for every 1,000 Max HP they possess, up to 12~44%.  will still take effect even if the equipping character is not on the field.",Luminous Sands from Guyun,Lustrous Stone from Guyun,Relic from Guyun,Divine Body from Guyun,A Flower Yet to Bloom,Treasured Flower,Wanderer's Blooming Flower,Fungal Spores,Luminescent Pollen,Crystalline Cyst Dust
Kagotsurube Isshin,Sword,4 Stars,42,510,ATK,9%,41.30%,Isshin Art Clarity,"When a Normal, Charged, or Plunging Attack hits an opponent, it will whip up a Hewing Gale, dealing AoE DMG equal to 180% of ATK and increasing ATK by 15% for 8s. This effect can be triggered once every 8s.",Mask of the Wicked Lieutenant,Mask of the Tiger's Bite,Mask of the One-Horned,Mask of the Kijin,Gloomy Statuette,Dark Statuette,Deathly Statuette,Spectral Husk,Spectral Heart,Spectral Nucleus
Kagura's Verity,Catalyst,5 Stars,46,608,CRIT DMG,14.40%,66.20%,Kagura Dance of the Sacred Sakura,"Gains the Kagura Dance effect when using an Elemental Skill, causing the Elemental Skill DMG of the character wielding this weapon to increase by 12~24% for 16s. Max 3 stacks. This character will gain 12~24% All Elemental DMG Bonus when they possess 3 stacks.",Mask of the Wicked Lieutenant,Mask of the Tiger's Bite,Mask of the One-Horned,Mask of the Kijin,Concealed Claw,Concealed Unguis,Concealed Talon,Spectral Husk,Spectral Heart,Spectral Nucleus
Katsuragikiri Nagamasa,Claymore,4 Stars,42,510,Energy Recharge,10.00%,45.90%,Samurai Conduct,"Increases Elemental Skill DMG by 6~12%. After Elemental Skill hits an opponent, the character loses 3 Energy but regenerates 3~5 Energy every 2s for the next 6s. This effect can occur once every 10s. Can be triggered even when the character is not on the field.",Narukami's Wisdom,Narukami's Joy,Narukami's Affection,Narukami's Valor,Chaos Gear,Chaos Axis,Chaos Oculus,Old Handguard,Kageuchi Handguard,Famed Handguard
Key of Khaj-Nisut,Sword,5 Stars,44,542,HP,14.40%,66.20%,Sunken Song of the Sands,"HP increased by 20~40%. When an Elemental Skill hits opponents, you gain the Grand Hymn effect for 20s. This effect increases the equipping character's Elemental Mastery by 0.12~0.24% of their Max HP. This effect can trigger once every 0.3s. Max 3 stacks. When this effect gains 3 stacks, or when the third stack's duration is refreshed, the Elemental Mastery of all nearby party members will be increased by 0.2~0.4% of the equipping character's max HP for 20s.",Copper Talisman of the Forest Dew,Iron Talisman of the Forest Dew,Silver Talisman of the Forest Dew,Golden Talisman of the Forest Dew,Damaged Prism,Turbid Prism,Radiant Prism,Faded Red Satin,Trimmed Red Silk,Rich Red Brocade
King's Squire,Bow,4 Stars,41,454,ATK,12%,55.10%,Labyrinth Lord's Instruction,"Obtain the Teachings of the Forest effect when unleashing Elemental Skills and Bursts, increasing Elemental Mastery by 60~140 for 12s. This effect will be removed when switching characters. When the Teachings of the Forest effect ends or is removed, it will deal 100~180% of ATK as DMG to 1 nearby opponent. The Teachings of the Forest effect can be triggered once every 20s.",Echo of Scorching Might,Remnant Glow of Scorching Might,Dream of Scorching Might,Olden Days of Scorching Might,Inactivated Fungal Nucleus,Dormant Fungal Nucleus,Robust Fungal Nucleus,Firm Arrowhead,Sharp Arrowhead,Weathered Arrowhead
Kitain Cross Spear,Polearm,4 Stars,44,565,Elemental Mastery,24,110,Samurai Conduct,"Increases Elemental Skill DMG by 6~12%. After Elemental Skill hits an opponent, the character loses 3 Energy but regenerates 3~5 Energy every 2s for the next 6s. This effect can occur once every 10s. Can be triggered even when the character is not on the field.",Mask of the Wicked Lieutenant,Mask of the Tiger's Bite,Mask of the One-Horned,Mask of the Kijin,Chaos Gear,Chaos Axis,Chaos Oculus,Treasure Hoarder Insignia,Silver Raven Insignia,Golden Raven Insignia
Light of Foliar Incision,Sword,5 Stars,44,542,CRIT DMG,19.20%,88.20%,Whitemoon Bristle,"CRIT Rate is increased by 4~8%. After Normal Attacks deal Elemental DMG, the Foliar Incision effect will be obtained, increasing DMG dealt by Normal Attacks and Elemental Skills by 120~240% of Elemental Mastery. This effect will disappear after 28 DMG instances or 12s. You can obtain Foliar Incision once every 12s.",Copper Talisman of the Forest Dew,Iron Talisman of the Forest Dew,Silver Talisman of the Forest Dew,Golden Talisman of the Forest Dew,Desiccated Shell,Sturdy Shell,Marked Shell,Faded Red Satin,Trimmed Red Silk,Rich Red Brocade
Lion's Roar,Sword,4 Stars,42,510,ATK,9%,41.30%,Bane of Fire and Thunder,Increases DMG against enemies affected by Pyro or Electro by 20~36%.,Luminous Sands from Guyun,Lustrous Stone from Guyun,Relic from Guyun,Divine Body from Guyun,Hunter's Sacrificial Knife,Agent's Sacrificial Knife,Inspector's Sacrificial Knife,Treasure Hoarder Insignia,Silver Raven Insignia,Golden Raven Insignia
Lithic Blade,Claymore,4 Stars,42,510,ATK,9%,41.30%,Lithic Axiom: Unity,"For every character in the party who hails from Liyue, the character who equips this weapon gains 7~11% ATK increase and 3~7% CRIT Rate increase. This effect stacks up to 4 times.",Luminous Sands from Guyun,Lustrous Stone from Guyun,Relic from Guyun,Divine Body from Guyun,Hunter's Sacrificial Knife,Agent's Sacrificial Knife,Inspector's Sacrificial Knife,Firm Arrowhead,Sharp Arrowhead,Weathered Arrowhead
Lithic Spear,Polearm,4 Stars,44,565,ATK,6%,27.60%,Lithic Axiom: Unity,"For every character in the party who hails from Liyue, the character who equips this weapon gains 7~11% ATK increase and a 3~7% CRIT Rate increase. This effect stacks up to 4 times.",Grain of Aerosiderite,Piece of Aerosiderite,Bit of Aerosiderite,Chunk of Aerosiderite,Fragile Bone Shard,Sturdy Bone Shard,Fossilized Bone Shard,Firm Arrowhead,Sharp Arrowhead,Weathered Arrowhead
Lost Prayer to the Sacred Winds,Catalyst,5 Stars,46,608,CRIT Rate,7.20%,33.10%,Boundless Blessing,"Increases Movement SPD by 10%. When in battle, gain an 8~16% Elemental DMG Bonus every 4s. Max 4 stacks. Lasts until the character falls or leaves combat.",Fetters of the Dandelion Gladiator,Chains of the Dandelion Gladiator,Shackles of the Dandelion Gladiator,Dream of the Dandelion Gladiator,Chaos Device,Chaos Circuit,Chaos Core,Slime Condensate,Slime Secretions,Slime Concentrate
Luxurious Sea-Lord,Claymore,4 Stars,41,454,ATK,12%,55.10%,Oceanic Victory,"Increases Elemental Burst DMG by 12~24%. When Elemental Burst hits opponents, there is a 100% chance of summoning a huge onrush of tuna that deals 100~200% ATK as AoE DMG. This effect can occur once every 15s.",Grain of Aerosiderite,Piece of Aerosiderite,Bit of Aerosiderite,Chunk of Aerosiderite,Fragile Bone Shard,Sturdy Bone Shard,Fossilized Bone Shard,Slime Condensate,Slime Secretions,Slime Concentrate
Magic Guide,Catalyst,3 Stars,38,354,Elemental Mastery,41,187,Bane of Storm and Tide,Increases DMG against opponents affected by Hydro or Electro by 12~24%.,Tile of Decarabian's Tower,Debris of Decarabian's City,Fragment of Decarabaian's Epic,Scattered Piece of Decarabian's Dream,Heavy Horn,Black Bronze Horn,Black Crystal Horn,Slime Condensate,Slime Secretions,Slime Concentrate
Mailed Flower,Claymore,4 Stars,44,565,Elemental Mastery,24,110,Whispers of Wind and Flower,"Within 8s after the character's Elemental Skill hits an opponent or the character triggers an Elemental Reaction, their ATK and Elemental Mastery will be increased by 12~24% and 48~96 respectively.",Fetters of the Dandelion Gladiator,Chains of the Dandelion Gladiator,Shackles of the Dandelion Gladiator,Dream of the Dandelion Gladiator,Desiccated Shell,Sturdy Shell,Marked Shell,Spectral Husk,Spectral Heart,Spectral Nucleus
Makhaira Aquamarine,Claymore,4 Stars,42,510,Elemental Mastery,36,165,Desert Pavilion,"The following effect will trigger every 10s: The equipping character will gain 24~48% of their Elemental Mastery as bonus ATK for 12s, with nearby party members gaining 30% of this buff for the same duration. Multiple instances of this weapon can allow this buff to stack. This effect will still trigger even if the character is not on the field.",Echo of Scorching Might,Remnant Glow of Scorching Might,Dream of Scorching Might,Olden Days of Scorching Might,Chaos Storage,Chaos Module,Chaos Bolt,Treasure Hoarder Insignia,Silver Raven Insignia,Golden Raven Insignia
Mappa Mare,Catalyst,4 Stars,44,565,Elemental Mastery,24,110,Infusion Scroll,Triggering an Elemental reaction grants a 8~16% Elemental DMG Bonus for 10s. Max 2 stacks.,Grain of Aerosiderite,Piece of Aerosiderite,Bit of Aerosiderite,Chunk of Aerosiderite,Fragile Bone Shard,Sturdy Bone Shard,Fossilized Bone Shard,Slime Condensate,Slime Secretions,Slime Concentrate
Memory of Dust,Catalyst,5 Stars,46,608,ATK,10.80%,49.60%,Golden Majesty,"Increases Shield Strength by 20~40%. Scoring hits on opponents increases ATK by 4~8% for 8s. Max 5 stacks. Can only occur once every 0.3s. While protected by a shield, this ATK increase effect is increased by 100%.",Grain of Aerosiderite,Piece of Aerosiderite,Bit of Aerosiderite,Chunk of Aerosiderite,Fragile Bone Shard,Sturdy Bone Shard,Fossilized Bone Shard,Damaged Mask,Stained Mask,Ominous Mask
Messenger,Bow,3 Stars,40,448,CRIT DMG,6.80%,31.20%,Archer's Message,Charged Attack hits on weak spots deal an additional 100~200% ATK DMG as CRIT DMG. Can only occur once every 10s.,Mist Veiled Lead Elixir,Mist Veiled Mercury Elixir,Mist Veiled Gold Elixir,Mist Veiled Primo Elixir,Mist Grass Pollen,Mist Grass,Mist Grass Wick,Treasure Hoarder Insignia,Silver Raven Insignia,Golden Raven Insignia
Missive Windspear,Polearm,4 Stars,42,510,ATK,9%,41.30%,The Wind Unattained,"Within 10s after an Elemental Reaction is triggered, ATK is increased by 12~24% and Elemental Mastery is increased by 48~96.",Boreal Wolf's Milk Tooth,Boreal Wolf's Cracked Tooth,Boreal Wolf's Broken Fang,Boreal Wolf's Nostalgia,Gloomy Statuette,Dark Statuette,Deathly Statuette,Slime Condensate,Slime Secretions,Slime Concentrate
Mistsplitter Reforged,Sword,5 Stars,48,674,CRIT DMG,9.60%,44.10%,Mistsplitter's Edge,"Gain a 12~24% Elemental DMG Bonus for all elements and receive the might of the Mistsplitter's Emblem. At stack levels 1/2/3, Mistsplitter's Emblem provides a 8/16/28~16/32/56% Elemental DMG Bonus for the character's Elemental Type. The character will obtain 1 stack of Mistsplitter's Emblem in each of the following scenarios: Normal Attack deals Elemental DMG (stack lasts 5s), casting Elemental Burst (stack lasts 10s); Energy is less than 100% (stack disappears when Energy is full). Each stack's duration is calculated independently.",Coral Branch of a Distant Sea,Jeweled Branch of a Distant Sea,Jade Branch of a Distant Sea,Golden Branch of a Distant Sea,Chaos Gear,Chaos Axis,Chaos Oculus,Old Handguard,Kageuchi Handguard,Famed Handguard
Mitternachts Waltz,Bow,4 Stars,42,510,Physical DMG Bonus,11.30%,51.70%,Evernight Duet,Normal Attack hits on opponents increase Elemental Skill DMG by 20~40% for 5s. Elemental Skill hits on opponents increase Normal Attack DMG by 20~40% for 5s.,Tile of Decarabian's Tower,Debris of Decarabian's City,Fragment of Decarabaian's Epic,Scattered Piece of Decarabian's Dream,Heavy Horn,Black Bronze Horn,Black Crystal Horn,Treasure Hoarder Insignia,Silver Raven Insignia,Golden Raven Insignia
Moonpiercer,Polearm,4 Stars,44,565,Elemental Mastery,24,110,Stillwood Moonshadow,"After triggering Burning, Quicken, Aggravate, Spread, Bloom, Hyperbloom, or Burgeon, a Leaf of Revival will be created around the character for a maximum of 10s. When picked up, the Leaf will grant the character 16~32% ATK for 12s. Only 1 Leaf can be generated this way every 20s. This effect can still be triggered if the character is not on the field.",Oasis Garden's Reminiscence,Oasis Garden's Kindness,Oasis Garden's Mourning,Oasis Garden's Truth,Chaos Storage,Chaos Module,Chaos Bolt,Recruit's Insignia,Sergeant's Insignia,Lieutenant's Insignia
Mouun's Moon,Bow,4 Stars,44,565,ATK,6%,27.60%,Watatsumi Wavewalker,"For every point of the entire party's combined maximum Energy capacity, the Elemental Burst DMG of the character equipping this weapon is increased by 0.12~0.24%. A maximum of 40~80% increased Elemental Burst DMG can be achieved this way.",Narukami's Wisdom,Narukami's Joy,Narukami's Affection,Narukami's Valor,Dismal Prism,Crystal Prism,Polarizing Prism,Spectral Husk,Spectral Heart,Spectral Nucleus
Oathsworn Eye,Catalyst,4 Stars,44,565,ATK,6%,27.60%,People of the Faltering Light,Increases Energy Recharge by 24~48% for 10s after using an Elemental Skill.,Coral Branch of a Distant Sea,Jeweled Branch of a Distant Sea,Jade Branch of a Distant Sea,Golden Branch of a Distant Sea,Concealed Claw,Concealed Unguis,Concealed Talon,Spectral Husk,Spectral Heart,Spectral Nucleus
Old Merc's Pal,Claymore,2 Stars,33,243,,,,,,Boreal Wolf's Milk Tooth,Boreal Wolf's Cracked Tooth,Boreal Wolf's Broken Fang,,Dead Ley Line Branch,Dead Ley Line Leaves,,Slime Condensate,Slime Secretions,
Otherworldly Story,Catalyst,3 Stars,39,401,Energy Recharge,8.50%,39.00%,Energy Shower,Each Elemental Orb or Particle collected restores 1~2% HP.,Fetters of the Dandelion Gladiator,Chains of the Dandelion Gladiator,Shackles of the Dandelion Gladiator,Dream of the Dandelion Gladiator,Chaos Device,Chaos Circuit,Chaos Core,Damaged Mask,Stained Mask,Ominous Mask
Pocket Grimoire,Catalyst,2 Stars,33,243,,,,,,Tile of Decarabian's Tower,Debris of Decarabian's City,Fragment of Decarabaian's Epic,,Heavy Horn,Black Bronze Horn,,Damaged Mask,Stained Mask,
Polar Star,Bow,5 Stars,46,608,CRIT Rate,7.20%,33.10%,Daylight's Augury,"Elemental Skill and Elemental Burst DMG increased by 12~24%. After a Normal Attack, Charged Attack, Elemental Skill or Elemental Burst hits an opponent, 1 stack of Ashen Nightstar will be gained for 12s. When 1/2/3/4 stacks of Ashen Nightstar are present, ATK is increased by 10/20/30/48~20/40/60/96%. The stack of Ashen Nightstar created by the Normal Attack, Charged Attack, Elemental Skill or Elemental Burst will be counted independently of the others.",Mask of the Wicked Lieutenant,Mask of the Tiger's Bite,Mask of the One-Horned,Mask of the Kijin,Concealed Claw,Concealed Unguis,Concealed Talon,Spectral Husk,Spectral Heart,Spectral Nucleus
Predator,Bow,4 Stars,42,510,ATK,9%,41.30%,Strong Strike,"This weapon's effect is only applied on the following platform(s):
""PlayStation Network"". 
Dealing Cryo DMG to opponents increases this character's Normal and Charged Attack DMG by 10% for 6s. This effect can have a maximum of 2 stacks.Additionally, when Aloy equips Predator, ATK is increased by 66.",Narukami's Wisdom,Narukami's Joy,Narukami's Affection,Narukami's Valor,Dismal Prism,Crystal Prism,Polarizing Prism,Firm Arrowhead,Sharp Arrowhead,Weathered Arrowhead
Primordial Jade Cutter,Sword,5 Stars,44,542,CRIT Rate,9.60%,44.10%,Protector's Virtue,"HP increased by 20~40%. Additionally, provides an ATK Bonus based on 1.2~2.4% of the wielder's Max HP.",Mist Veiled Lead Elixir,Mist Veiled Mercury Elixir,Mist Veiled Gold Elixir,Mist Veiled Primo Elixir,Mist Grass Pollen,Mist Grass,Mist Grass Wick,Treasure Hoarder Insignia,Silver Raven Insignia,Golden Raven Insignia
Primordial Jade Winged-Spear,Polearm,5 Stars,48,674,CRIT Rate,4.80%,22.10%,Eagle Spear of Justice,"On hit, increases ATK by 3.2~6.0% for 6s. Max 7 stacks. This effect can only occur once every 0.3s. While in possession of the maximum possible stacks, DMG dealt is increased by 12~24%.",Luminous Sands from Guyun,Lustrous Stone from Guyun,Relic from Guyun,Divine Body from Guyun,Hunter's Sacrificial Knife,Agent's Sacrificial Knife,Inspector's Sacrificial Knife,Recruit's Insignia,Sergeant's Insignia,Lieutenant's Insignia
Prototype Amber,Catalyst,4 Stars,42,510,HP,9%,41.30%,Gilding,Using an Elemental Burst regenerates 4~6 Energy every 2s for 6s. All party members will regenerate 4~6% HP every 2s for this duration.,Mist Veiled Lead Elixir,Mist Veiled Mercury Elixir,Mist Veiled Gold Elixir,Mist Veiled Primo Elixir,Mist Grass Pollen,Mist Grass,Mist Grass Wick,Firm Arrowhead,Sharp Arrowhead,Weathered Arrowhead
Prototype Archaic,Claymore,4 Stars,44,565,ATK,6%,27.60%,Crush,"On hit, Normal or Charged Attacks have a 50% chance to deal an additional 240~480% ATK DMG to opponents within a small AoE. Can only occur once every 15s.",Grain of Aerosiderite,Piece of Aerosiderite,Bit of Aerosiderite,Chunk of Aerosiderite,Fragile Bone Shard,Sturdy Bone Shard,Fossilized Bone Shard,Damaged Mask,Stained Mask,Ominous Mask
Prototype Crescent,Bow,4 Stars,42,510,ATK,9%,41.30%,Unreturning,Charged Attack hits on weak points increase Movement SPD by 10% and ATK by 36~72% for 10s.,Mist Veiled Lead Elixir,Mist Veiled Mercury Elixir,Mist Veiled Gold Elixir,Mist Veiled Primo Elixir,Mist Grass Pollen,Mist Grass,Mist Grass Wick,Treasure Hoarder Insignia,Silver Raven Insignia,Golden Raven Insignia
Prototype Rancour,Sword,4 Stars,44,565,Physical DMG Bonus,7.50%,34.50%,Smashed Stone,"On hit, Normal or Charged Attacks increase ATK and DEF by 4~8% for 6s. Max 4 stacks. This effect can only occur once every 0.3s.",Mist Veiled Lead Elixir,Mist Veiled Mercury Elixir,Mist Veiled Gold Elixir,Mist Veiled Primo Elixir,Mist Grass Pollen,Mist Grass,Mist Grass Wick,Recruit's Insignia,Sergeant's Insignia,Lieutenant's Insignia
Prototype Starglitter,Polearm,4 Stars,42,510,Energy Recharge,10.00%,45.90%,Magic Affinity,"After using an Elemental Skill, increases Normal and Charged Attack DMG by 8~16% for 12s. Max 2 stacks.",Grain of Aerosiderite,Piece of Aerosiderite,Bit of Aerosiderite,Chunk of Aerosiderite,Fragile Bone Shard,Sturdy Bone Shard,Fossilized Bone Shard,Damaged Mask,Stained Mask,Ominous Mask
Rainslasher,Claymore,4 Stars,42,510,Elemental Mastery,36,165,Bane of Storm and Tide,Increases DMG against opponents affected by Hydro or Electro by 20~36%.,Mist Veiled Lead Elixir,Mist Veiled Mercury Elixir,Mist Veiled Gold Elixir,Mist Veiled Primo Elixir,Mist Grass Pollen,Mist Grass,Mist Grass Wick,Divining Scroll,Sealed Scroll,Forbidden Curse Scroll
Raven Bow,Bow,3 Stars,40,448,Elemental Mastery,20,94,Bane of Flame and Water,Increases DMG against opponents affected by Hydro or Pyro by 12~24%.,Tile of Decarabian's Tower,Debris of Decarabian's City,Fragment of Decarabaian's Epic,Scattered Piece of Decarabian's Dream,Heavy Horn,Black Bronze Horn,Black Crystal Horn,Firm Arrowhead,Sharp Arrowhead,Weathered Arrowhead
Recurve Bow,Bow,3 Stars,38,354,HP,10.20%,46.90%,Cull the Weak,Defeating an opponent restores 8~16% HP.,Fetters of the Dandelion Gladiator,Chains of the Dandelion Gladiator,Shackles of the Dandelion Gladiator,Dream of the Dandelion Gladiator,Chaos Device,Chaos Circuit,Chaos Core,Divining Scroll,Sealed Scroll,Forbidden Curse Scroll
Redhorn Stonethresher,Claymore,5 Stars,44,542,CRIT DMG,19.20%,88.20%,Gokadaiou Otogibanashi,DEF is increased by 28~56%. Normal and Charged Attack DMG is increased by 40~80% of DEF.,Narukami's Wisdom,Narukami's Joy,Narukami's Affection,Narukami's Valor,Concealed Claw,Concealed Unguis,Concealed Talon,Old Handguard,Kageuchi Handguard,Famed Handguard
Rightful Reward,Polearm,4 Stars,44,565,HP,6%,27.60%,Tip of the Spear,"When the wielder is healed, restore 8~16 Energy. This effect can triggered once every 10s, and can occur even when the character is not on the field.",Broken Goblet of the Pristine Sea,Wine Goblet of the Pristine Sea,Silver Goblet of the Pristine Sea,Golden Goblet of the Pristine Sea,Rift Core,Foreign Synapse,Alien Life Core,Meshing Gear,Mechanical Spur Gear,Artificed Dynamic Gear
Royal Bow,Bow,4 Stars,42,510,ATK,9%,41.30%,Focus,"Upon dealing damage to an opponent, increases CRIT Rate by 8~16%. Max 5 stacks. A CRIT hit removes all existing stacks.",Fetters of the Dandelion Gladiator,Chains of the Dandelion Gladiator,Shackles of the Dandelion Gladiator,Dream of the Dandelion Gladiator,Chaos Device,Chaos Circuit,Chaos Core,Divining Scroll,Sealed Scroll,Forbidden Curse Scroll
Royal Greatsword,Claymore,4 Stars,44,565,ATK,6%,27.60%,Focus,"Upon dealing damage to an opponent, increases CRIT Rate by 8~16%. Max 5 stacks. A CRIT hit removes all existing stacks.",Fetters of the Dandelion Gladiator,Chains of the Dandelion Gladiator,Shackles of the Dandelion Gladiator,Dream of the Dandelion Gladiator,Chaos Device,Chaos Circuit,Chaos Core,Slime Condensate,Slime Secretions,Slime Concentrate
Royal Grimoire,Catalyst,4 Stars,44,565,ATK,6%,27.60%,Focus,"Upon dealing damage to an opponent, increases CRIT Rate by 8~16%. Max 5 stacks. A CRIT hit removes all existing stacks.",Tile of Decarabian's Tower,Debris of Decarabian's City,Fragment of Decarabaian's Epic,Scattered Piece of Decarabian's Dream,Heavy Horn,Black Bronze Horn,Black Crystal Horn,Recruit's Insignia,Sergeant's Insignia,Lieutenant's Insignia
Royal Longsword,Sword,4 Stars,42,510,ATK,9%,41.30%,Focus,"Upon dealing damage to an opponent, increases CRIT Rate by 8~16%. Max 5 stacks. A CRIT hit removes all existing stacks.",Tile of Decarabian's Tower,Debris of Decarabian's City,Fragment of Decarabaian's Epic,Scattered Piece of Decarabian's Dream,Heavy Horn,Black Bronze Horn,Black Crystal Horn,Firm Arrowhead,Sharp Arrowhead,Weathered Arrowhead
Royal Spear,Polearm,4 Stars,44,565,ATK,6%,27.60%,Focus,"Upon dealing damage to an opponent, increases CRIT Rate by 8~16%. Max 5 stacks. A CRIT hit removes all existing stacks.",Mist Veiled Lead Elixir,Mist Veiled Mercury Elixir,Mist Veiled Gold Elixir,Mist Veiled Primo Elixir,Mist Grass Pollen,Mist Grass,Mist Grass Wick,Recruit's Insignia,Sergeant's Insignia,Lieutenant's Insignia
Rust,Bow,4 Stars,42,510,ATK,9%,41.30%,Rapid Firing,Increases Normal Attack DMG by 40~80% but decreases Charged Attack DMG by 10%.,Luminous Sands from Guyun,Lustrous Stone from Guyun,Relic from Guyun,Divine Body from Guyun,Hunter's Sacrificial Knife,Agent's Sacrificial Knife,Inspector's Sacrificial Knife,Damaged Mask,Stained Mask,Ominous Mask
Sacrificial Bow,Bow,4 Stars,44,565,Energy Recharge,6.70%,30.60%,Composed,"After dealing damage to an opponent with an Elemental Skill, the skill has a 40~80% chance to end its own CD. Can only occur once every 30~16s.",Boreal Wolf's Milk Tooth,Boreal Wolf's Cracked Tooth,Boreal Wolf's Broken Fang,Boreal Wolf's Nostalgia,Dead Ley Line Branch,Dead Ley Line Leaves,Ley Line Sprout,Slime Condensate,Slime Secretions,Slime Concentrate
Sacrificial Fragments,Catalyst,4 Stars,41,454,Elemental Mastery,48,221,Composed,"After dealing damage to an opponent with an Elemental Skill, the skill has a 40~80% chance to end its own CD. Can only occur once every 30~16s.",Fetters of the Dandelion Gladiator,Chains of the Dandelion Gladiator,Shackles of the Dandelion Gladiator,Dream of the Dandelion Gladiator,Chaos Device,Chaos Circuit,Chaos Core,Treasure Hoarder Insignia,Silver Raven Insignia,Golden Raven Insignia
Sacrificial Greatsword,Claymore,4 Stars,44,565,Energy Recharge,6.70%,30.60%,Composed,"After dealing damage to an opponent with an Elemental Skill, the skill has a 40~80% chance to end its own CD. Can only occur once every 30~16s.",Boreal Wolf's Milk Tooth,Boreal Wolf's Cracked Tooth,Boreal Wolf's Broken Fang,Boreal Wolf's Nostalgia,Dead Ley Line Branch,Dead Ley Line Leaves,Ley Line Sprout,Firm Arrowhead,Sharp Arrowhead,Weathered Arrowhead
Sacrificial Jade,Catalyst,4 Stars,41,454,CRIT Rate,8%,36.80%,Jade Circulation,"When not on the field for more than 5s, Max HP will be increased by 32~64% and Elemental Mastery will be increased by 40~80. These effects will be canceled after the wielder has been on the field for 10s.",Luminous Sands from Guyun,Lustrous Stone from Guyun,Relic from Guyun,Divine Body from Guyun,Mist Grass Pollen,Mist Grass,Mist Grass Wick,Divining Scroll,Sealed Scroll,Forbidden Curse Scroll
Sacrificial Sword,Sword,4 Stars,41,454,Energy Recharge,13.30%,61.30%,Composed,"After dealing damage to an opponent with an Elemental Skill, the skill has a 40~80% chance to end its own CD. Can only occur once every 30~16s.",Fetters of the Dandelion Gladiator,Chains of the Dandelion Gladiator,Shackles of the Dandelion Gladiator,Dream of the Dandelion Gladiator,Chaos Device,Chaos Circuit,Chaos Core,Divining Scroll,Sealed Scroll,Forbidden Curse Scroll
Sapwood Blade,Sword,4 Stars,44,565,Energy Recharge,6.70%,30.60%,Forest Sanctuary,"After triggering Burning, Quicken, Aggravate, Spread, Bloom, Hyperbloom, or Burgeon, a Leaf of Consciousness will be created around the character for a maximum of 10s. When picked up, the Leaf will grant the character 60~120 Elemental Mastery for 12s. Only 1 Leaf can be generated this way every 20s. This effect can still be triggered if the character is not on the field. The Leaf of Consciousness' effect cannot stack.",Copper Talisman of the Forest Dew,Iron Talisman of the Forest Dew,Silver Talisman of the Forest Dew,Golden Talisman of the Forest Dew,Chaos Storage,Chaos Module,Chaos Bolt,Faded Red Satin,Trimmed Red Silk,Rich Red Brocade
Scion of the Blazing Sun,Bow,4 Stars,44,565,CRIT Rate,4%,18.40%,The Way of Sunfire,"After a Charged Attack hits an opponent, a Sunfire Arrow will descend upon the opponent hit, dealing 60~120% ATK as DMG, and applying the Heartsearer effect to the opponent damaged by said Arrow for 10s. Opponents affected by Heartsearer take 28~56% more Charged Attack DMG from the wielder. A Sunfire Arrow can be triggered once every 10s.",Echo of Scorching Might,Remnant Glow of Scorching Might,Dream of Scorching Might,Olden Days of Scorching Might,A Flower Yet to Bloom,Treasured Flower,Wanderer's Blooming Flower,Fungal Spores,Luminescent Pollen,Crystalline Cyst Dust
Seasoned Hunter's Bow,Bow,2 Stars,33,243,,,,,,Boreal Wolf's Milk Tooth,Boreal Wolf's Cracked Tooth,Boreal Wolf's Broken Fang,,Dead Ley Line Branch,Dead Ley Line Leaves,,Treasure Hoarder Insignia,Silver Raven Insignia,
Serpent Spine,Claymore,4 Stars,42,510,CRIT Rate,6%,27.60%,Wavesplitter,"Every 4s a character is on the field, they will deal 6~10% more DMG and take 3~2%  more DMG. This effect has a maximum of 5 stacks and will not be reset if the character leaves the field, but will be reduced by 1 stack when the character takes DMG.",Grain of Aerosiderite,Piece of Aerosiderite,Bit of Aerosiderite,Chunk of Aerosiderite,Fragile Bone Shard,Sturdy Bone Shard,Fossilized Bone Shard,Whopperflower Nectar,Shimmering Nectar,Energy Nectar
Sharpshooter's Oath,Bow,3 Stars,39,401,CRIT DMG,10.20%,46.90%,Precise,Increases DMG against weak spots by 24~48%.,Boreal Wolf's Milk Tooth,Boreal Wolf's Cracked Tooth,Boreal Wolf's Broken Fang,Boreal Wolf's Nostalgia,Dead Ley Line Branch,Dead Ley Line Leaves,Ley Line Sprout,Slime Condensate,Slime Secretions,Slime Concentrate
Silver Sword,Sword,2 Stars,33,243,,,,,,Tile of Decarabian's Tower,Debris of Decarabian's City,Fragment of Decarabaian's Epic,,Heavy Horn,Black Bronze Horn,,Firm Arrowhead,Sharp Arrowhead,
Skyrider Greatsword,Claymore,3 Stars,39,401,Physical DMG Bonus,9.60%,43.90%,Courage,"On hit, Normal or Charged Attacks increase ATK by 6~10% for 6s. Max 4 stacks. Can only occur once every 0.5s.",Grain of Aerosiderite,Piece of Aerosiderite,Bit of Aerosiderite,Chunk of Aerosiderite,Fragile Bone Shard,Sturdy Bone Shard,Fossilized Bone Shard,Treasure Hoarder Insignia,Silver Raven Insignia,Golden Raven Insignia
Skyrider Sword,Sword,3 Stars,38,354,Energy Recharge,11.30%,51.70%,Determination,Using an Elemental Burst grants a 12~24% increase in ATK and Movement SPD for 15s.,Grain of Aerosiderite,Piece of Aerosiderite,Bit of Aerosiderite,Chunk of Aerosiderite,Fragile Bone Shard,Sturdy Bone Shard,Fossilized Bone Shard,Recruit's Insignia,Sergeant's Insignia,Lieutenant's Insignia
Skyward Atlas,Catalyst,5 Stars,48,674,ATK,7.20%,33.10%,Wandering Clouds,"Increases Elemental DMG Bonus by 12~24%. Normal Attack hits have a 50% chance to earn the favor of the clouds. which actively seek out nearby opponents to attack for 15s, dealing 160~320% ATK DMG. Can only occur once every 30s.",Boreal Wolf's Milk Tooth,Boreal Wolf's Cracked Tooth,Boreal Wolf's Broken Fang,Boreal Wolf's Nostalgia,Dead Ley Line Branch,Dead Ley Line Leaves,Ley Line Sprout,Firm Arrowhead,Sharp Arrowhead,Weathered Arrowhead
Skyward Blade,Sword,5 Stars,46,608,Energy Recharge,12%,55.10%,Sky-Piercing Fang,"CRIT Rate increased by 4~8%. Gains Skypiercing Might upon using an Elemental Burst: Increases Movement SPD by 10%, increases ATK SPD by 10%, and Normal and Charged hits deal additional DMG equal to 20~40% of ATK. Skypiercing Might lasts for 12s.",Boreal Wolf's Milk Tooth,Boreal Wolf's Cracked Tooth,Boreal Wolf's Broken Fang,Boreal Wolf's Nostalgia,Dead Ley Line Branch,Dead Ley Line Leaves,Ley Line Sprout,Slime Condensate,Slime Secretions,Slime Concentrate
Skyward Harp,Bow,5 Stars,48,674,CRIT Rate,4.80%,22.10%,Echoing Ballad,"Increases CRIT DMG by 20~40%. Hits have a 60~100% chance to inflict a small AoE attack, dealing 125% Physical ATK DMG. Can only occur once every 4~2s.",Boreal Wolf's Milk Tooth,Boreal Wolf's Cracked Tooth,Boreal Wolf's Broken Fang,Boreal Wolf's Nostalgia,Dead Ley Line Branch,Dead Ley Line Leaves,Ley Line Sprout,Firm Arrowhead,Sharp Arrowhead,Weathered Arrowhead
Skyward Pride,Claymore,5 Stars,48,674,Energy Recharge,8%,36.80%,Sky-ripping Dragon Spine,"Increases all DMG by 8~16%. After using an Elemental Burst, Normal or Charged Attack, on hit, creates a vacuum blade that does 80~160% of ATK as DMG to opponents along its path. Lasts for 20s or 8 vacuum blades.",Boreal Wolf's Milk Tooth,Boreal Wolf's Cracked Tooth,Boreal Wolf's Broken Fang,Boreal Wolf's Nostalgia,Dead Ley Line Branch,Dead Ley Line Leaves,Ley Line Sprout,Slime Condensate,Slime Secretions,Slime Concentrate
Skyward Spine,Polearm,5 Stars,48,674,Energy Recharge,8%,36.80%,Black Wing,"Increases CRIT Rate by 8~16% and increases Normal ATK SPD by 12%. Additionally, Normal and Charged Attacks hits on opponents have a 50% chance to trigger a vacuum blade that deals 40~100% of ATK as DMG in a small AoE. This effect can occur no more than once every 2s.",Fetters of the Dandelion Gladiator,Chains of the Dandelion Gladiator,Shackles of the Dandelion Gladiator,Dream of the Dandelion Gladiator,Chaos Device,Chaos Circuit,Chaos Core,Divining Scroll,Sealed Scroll,Forbidden Curse Scroll
Slingshot,Bow,3 Stars,38,354,CRIT Rate,6.80%,31.20%,Slingshot,"If a Normal or Charged Attack hits a target within 0.3s of being fired, increases DMG by 36~60%. Otherwise, decreases DMG by 10%.",Luminous Sands from Guyun,Lustrous Stone from Guyun,Relic from Guyun,Divine Body from Guyun,Hunter's Sacrificial Knife,Agent's Sacrificial Knife,Inspector's Sacrificial Knife,Damaged Mask,Stained Mask,Ominous Mask
Snow-Tombed Starsilver,Claymore,4 Stars,44,565,Physical DMG Bonus,7.50%,34.50%,Frost Burial,"Hitting an opponent with Normal and Charged Attacks has a 60~100% chance of forming and dropping an Everfrost Icicle above them, dealing AoE DMG equal to 80~140% of ATK. Opponents affected by Cryo are instead dealt DMG equal to 200~360% of ATK. Can only occur once every 10s.",Tile of Decarabian's Tower,Debris of Decarabian's City,Fragment of Decarabaian's Epic,Scattered Piece of Decarabian's Dream,Heavy Horn,Black Bronze Horn,Black Crystal Horn,Slime Condensate,Slime Secretions,Slime Concentrate
Solar Pearl,Catalyst,4 Stars,42,510,CRIT Rate,6%,27.60%,Solar Shine,"Normal Attack hits increase Elemental Skill and Elemental Burst DMG by 20~40% for 6s. Likewise, Elemental Skill or Elemental Burst hits increase Normal Attack DMG by 20~40% for 6s.",Luminous Sands from Guyun,Lustrous Stone from Guyun,Relic from Guyun,Divine Body from Guyun,Hunter's Sacrificial Knife,Agent's Sacrificial Knife,Inspector's Sacrificial Knife,Whopperflower Nectar,Shimmering Nectar,Energy Nectar
Song of Broken Pines,Claymore,5 Stars,49,741,Physical DMG Bonus,4.50%,20.70%,Rebel's Banner-Hymn,"A part of the ""Millennial Movement"" that wanders amidst the winds.Increases ATK by 16~32%, and when Normal or Charged Attacks hit opponents, the character gains a Sigil of Whispers. This effect can be triggered once every 0.3s.When you possess four Sigils of Whispers, all of them will be consumed and all nearby party members will obtain the ""Millennial Movement: Banner-Hymn"" effect for 12s.""Millennial Movement: Banner-Hymn"" increases Normal ATK SPD by 12~24% and increases ATK by 20~40%. Once this effect is triggered, you will not gain Sigils of Whispers for 20s.Of the many effects of the ""Millennial Movement"", buffs of the same type will not stack.",Tile of Decarabian's Tower,Debris of Decarabian's City,Fragment of Decarabaian's Epic,Scattered Piece of Decarabian's Dream,Heavy Horn,Black Bronze Horn,Black Crystal Horn,Damaged Mask,Stained Mask,Ominous Mask
Song of Stillness,Bow,4 Stars,42,510,ATK,9%,41.30%,Benthic Pulse,"After the wielder is healed, they will deal 16~32% more DMG for 8s. This can be triggered even when the character is not on the field.",Fragment of an Ancient Chord,Chapter of an Ancient Chord,Movement of an Ancient Chord,Echo of an Ancient Chord,Drop of Tainted Water,Scoop of Tainted Water,Newborn Tainted Hydro Phantasm,Firm Arrowhead,Sharp Arrowhead,Weathered Arrowhead
Staff of Homa,Polearm,5 Stars,46,608,CRIT DMG,14.40%,66.20%,Reckless Cinnabar,"HP increased by 20~40%. Additionally, provides an ATK Bonus based on 0.8~1.6% of the wielder's Max HP. When the wielder's HP is less than 50%, this ATK bonus is increased by an additional 1~1.8% of Max HP.",Grain of Aerosiderite,Piece of Aerosiderite,Bit of Aerosiderite,Chunk of Aerosiderite,Dead Ley Line Branch,Dead Ley Line Leaves,Ley Line Sprout,Slime Condensate,Slime Secretions,Slime Concentrate
Staff of the Scarlet Sands,Polearm,5 Stars,44,542,CRIT Rate,9.60%,44.10%,Heat Haze at Horizon's End,"The equipping character gains 52~104% of their Elemental Mastery as bonus ATK. When an Elemental Skill hits opponents, the Dream of the Scarlet Sands effect will be gained for 10s: The equipping character will gain 28~56% of their Elemental Mastery as bonus ATK. Max 3 stacks.",Oasis Garden's Reminiscence,Oasis Garden's Kindness,Oasis Garden's Mourning,Oasis Garden's Truth,Chaos Storage,Chaos Module,Chaos Bolt,Fungal Spores,Luminescent Pollen,Crystalline Cyst Dust
Summit Shaper,Sword,5 Stars,46,608,ATK,10.80%,49.60%,Golden Majesty,"Increases Shield Strength by 20~40%. Scoring hits on opponents increases ATK by 4~8% for 8s. Max 5 stacks. Can only occur once every 0.3s. While protected by a shield, this ATK increase effect is increased by 100%.",Luminous Sands from Guyun,Lustrous Stone from Guyun,Relic from Guyun,Divine Body from Guyun,Hunter's Sacrificial Knife,Agent's Sacrificial Knife,Inspector's Sacrificial Knife,Damaged Mask,Stained Mask,Ominous Mask
Sword of Descension,Sword,4 Stars,39,440,ATK,7.70%,35.20%,Descension,"This weapon's effect is only applied on the following platform(s):
""PlayStation Network"". 
Hitting enemies with Normal or Charged Attacks grants a 50% chance to deal 200% ATK as DMG in a small AoE. This effect can only occur once every 10s.Additionally, if the Traveler equips the Sword of , their ATK is increased by 66.",Boreal Wolf's Milk Tooth,Boreal Wolf's Cracked Tooth,Boreal Wolf's Broken Fang,Boreal Wolf's Nostalgia,Dead Ley Line Branch,Dead Ley Line Leaves,Ley Line Sprout,Treasure Hoarder Insignia,Silver Raven Insignia,Golden Raven Insignia
Talking Stick,Claymore,4 Stars,44,565,CRIT Rate,4%,18.40%,The Silver Tongue,"ATK will be increased by 16% for 15s after being affected by Pyro. This effect can be triggered once every 12s. All Elemental DMG Bonus will be increased by 12~24% for 15s after being affected by Hydro, Cryo, Electro, or Dendro. This effect can be triggered once every 12s.",Oasis Garden's Reminiscence,Oasis Garden's Kindness,Oasis Garden's Mourning,Oasis Garden's Truth,Desiccated Shell,Sturdy Shell,Marked Shell,Slime Condensate,Slime Secretions,Slime Concentrate
The Alley Flash,Sword,4 Stars,45,620,Elemental Mastery,12,55,Itinerant Hero,Increases DMG dealt by the character equipping this weapon by 12~24%. Taking DMG disables this effect for 5s.,Tile of Decarabian's Tower,Debris of Decarabian's City,Fragment of Decarabaian's Epic,Scattered Piece of Decarabian's Dream,Heavy Horn,Black Bronze Horn,Black Crystal Horn,Divining Scroll,Sealed Scroll,Forbidden Curse Scroll
The Bell,Claymore,4 Stars,42,510,HP,9%,41.30%,Rebellious Guardian,"Taking DMG generates a shield which absorbs DMG up to 20~32% of max HP. This shield lasts for 10s or until broken, and can only be triggered once every 45s. While protected by a shield, the character gains 12~24% increased DMG.",Tile of Decarabian's Tower,Debris of Decarabian's City,Fragment of Decarabaian's Epic,Scattered Piece of Decarabian's Dream,Heavy Horn,Black Bronze Horn,Black Crystal Horn,Whopperflower Nectar,Shimmering Nectar,Energy Nectar
The Black Sword,Sword,4 Stars,42,510,CRIT Rate,6%,27.60%,Justice,"Increases DMG dealt by Normal and Charged Attacks by 20~40%.Additionally, regenerates 60~100% of ATK as HP when Normal and Charged Attacks score a CRIT Hit. This effect can occur once every 5s.",Boreal Wolf's Milk Tooth,Boreal Wolf's Cracked Tooth,Boreal Wolf's Broken Fang,Boreal Wolf's Nostalgia,Dead Ley Line Branch,Dead Ley Line Leaves,Ley Line Sprout,Slime Condensate,Slime Secretions,Slime Concentrate
The First Great Magic,Bow,5 Stars,46,608,CRIT DMG,14.40%,66.20%,Parsifal the Great,"DMG dealt by Charged Attacks increased by 16~32%. For every party member with the same Elemental Type as the wielder (including the wielder themselves), gain 1 Gimmick stack. For every party member with a different Elemental Type from the wielder, gain 1 Theatrics stack. When the wielder has 1/2/3 or more Gimmick stacks, ATK will be increased by 16%/32%/48%~32%/64%/96%. When the wielder has 1/2/3 or more Theatrics stacks, Movement SPD will be increased by 4%/7%/10%~12%/15%/18%.",Fragment of an Ancient Chord,Chapter of an Ancient Chord,Movement of an Ancient Chord,Echo of an Ancient Chord,Drop of Tainted Water,Scoop of Tainted Water,Newborn Tainted Hydro Phantasm,Transoceanic Pearl,Transoceanic Chunk,Xenochromatic Crystal
The Flute,Sword,4 Stars,42,510,ATK,9%,41.30%,Chord,"Normal or Charged Attacks grant a Harmonic on hits. Gaining 5 Harmonics triggers the power of music and deals 100~200% ATK DMG to surrounding enemies. Harmonics last up to 30s, and a maximum of 1 can be gained every 0.5s.",Boreal Wolf's Milk Tooth,Boreal Wolf's Cracked Tooth,Boreal Wolf's Broken Fang,Boreal Wolf's Nostalgia,Dead Ley Line Branch,Dead Ley Line Leaves,Ley Line Sprout,Slime Condensate,Slime Secretions,Slime Concentrate
The Stringless,Bow,4 Stars,42,510,Elemental Mastery,36,165,Arrowless Song,Increases Elemental Skill and Elemental Burst DMG by 24~48%.,Tile of Decarabian's Tower,Debris of Decarabian's City,Fragment of Decarabaian's Epic,Scattered Piece of Decarabian's Dream,Heavy Horn,Black Bronze Horn,Black Crystal Horn,Firm Arrowhead,Sharp Arrowhead,Weathered Arrowhead
The Unforged,Claymore,5 Stars,46,608,ATK,10.80%,49.60%,Golden Majesty,"Increases Shield Strength by 20~40%. Scoring hits on opponents increases ATK by 4~8% for 8s. Max 5 stacks. Can only occur once every 0.3s. While protected by a shield, this ATK increase effect is increased by 100%.",Mist Veiled Lead Elixir,Mist Veiled Mercury Elixir,Mist Veiled Gold Elixir,Mist Veiled Primo Elixir,Mist Grass Pollen,Mist Grass,Mist Grass Wick,Treasure Hoarder Insignia,Silver Raven Insignia,Golden Raven Insignia
The Viridescent Hunt,Bow,4 Stars,42,510,CRIT Rate,6%,27.60%,Verdant Wind,"Upon hit, Normal and Aimed Shot Attacks have a 50% chance to generate a Cyclone, which will continuously attract surrounding opponents, dealing 40~80% of ATK as DMG to these opponents every 0.5s for 4s. This effect can only occur once every 14~10s.",Tile of Decarabian's Tower,Debris of Decarabian's City,Fragment of Decarabaian's Epic,Scattered Piece of Decarabian's Dream,Heavy Horn,Black Bronze Horn,Black Crystal Horn,Firm Arrowhead,Sharp Arrowhead,Weathered Arrowhead
The Widsith,Catalyst,4 Stars,42,510,CRIT DMG,12%,55.10%,Debut,"When a character takes the field, they will gain a random theme song for 10s. This can only occur once every 30s.Recitative: ATK is increased by 60~120%.Aria: Increases all Elemental DMG by 48~96%.Interlude: Elemental Mastery is increased by 240~480.",Boreal Wolf's Milk Tooth,Boreal Wolf's Cracked Tooth,Boreal Wolf's Broken Fang,Boreal Wolf's Nostalgia,Dead Ley Line Branch,Dead Ley Line Leaves,Ley Line Sprout,Damaged Mask,Stained Mask,Ominous Mask
Thrilling Tales of Dragon Slayers,Catalyst,3 Stars,39,401,HP,7.70%,35.20%,Heritage,"When switching characters, the new character taking the field has their ATK increased by 24~48% for 10s. This effect can only occur once every 20s.",Boreal Wolf's Milk Tooth,Boreal Wolf's Cracked Tooth,Boreal Wolf's Broken Fang,Boreal Wolf's Nostalgia,Dead Ley Line Branch,Dead Ley Line Leaves,Ley Line Sprout,Divining Scroll,Sealed Scroll,Forbidden Curse Scroll
Thundering Pulse,Bow,5 Stars,46,608,CRIT DMG,14.40%,66.20%,Rule By Thunder,"Increases ATK by 20~40% and grants the might of the Thunder Emblem. At stack levels 1/2/3, the Thunder Emblem increases Normal Attack DMG by 12/24/40~24/48/80%. The character will obtain 1 stack of Thunder Emblem in each of the following scenarios: Normal Attack deals DMG (stack lasts 5s), casting Elemental Skill (stack lasts 10s); Energy is less than 100% (stack disappears when Energy is full). Each stack's duration is calculated independently.",Narukami's Wisdom,Narukami's Joy,Narukami's Affection,Narukami's Valor,Dismal Prism,Crystal Prism,Polarizing Prism,Firm Arrowhead,Sharp Arrowhead,Weathered Arrowhead
Tidal Shadow,Claymore,4 Stars,42,510,ATK,9%,41.30%,White Cruising Wave,"After the wielder is healed, ATK will be increased by 24~48% for 8s. This can be triggered even when the character is not on the field.",Broken Goblet of the Pristine Sea,Wine Goblet of the Pristine Sea,Silver Goblet of the Pristine Sea,Golden Goblet of the Pristine Sea,Rift Core,Foreign Synapse,Alien Life Core,Meshing Gear,Mechanical Spur Gear,Artificed Dynamic Gear
Toukabou Shigure,Sword,4 Stars,42,510,Elemental Mastery,36,165,Kaidan: Rainfall Earthbinder,"After an attack hits opponents, it will inflict an instance of Cursed Parasol upon one of them for 10s. This effect can be triggered once every 15s. If this opponent is defeated during Cursed Parasol's duration, Cursed Parasol's CD will be refreshed immediately. The character wielding this weapon will deal 16~32% more DMG to the opponent affected by Cursed Parasol.",Narukami's Wisdom,Narukami's Joy,Narukami's Affection,Narukami's Valor,Damaged Prism,Turbid Prism,Radiant Prism,Old Handguard,Kageuchi Handguard,Famed Handguard
Traveler's Handy Sword,Sword,3 Stars,40,448,DEF,6.40%,29.30%,Journey,Each Elemental Orb or Particle collected restores 1~2% HP.,Fetters of the Dandelion Gladiator,Chains of the Dandelion Gladiator,Shackles of the Dandelion Gladiator,Dream of the Dandelion Gladiator,Chaos Device,Chaos Circuit,Chaos Core,Divining Scroll,Sealed Scroll,Forbidden Curse Scroll
Tulaytullah's Remembrance,Catalyst,5 Stars,48,674,CRIT DMG,9.60%,44.10%,Bygone Azure Teardrop,"Normal Attack SPD is increased by 10~20%. After the wielder unleashes an Elemental Skill, Normal Attack DMG will increase by 4.8~9.6% every second for 14s. After this character hits an opponent with a Normal Attack during this duration, Normal Attack DMG will be increased by 9.6~19.2%. This increase can be triggered once every 0.3s. The maximum Normal Attack DMG increase per single duration of the overall effect is 48~96%. The effect will be removed when the wielder leaves the field, and using the Elemental Skill again will reset all DMG buffs.",Echo of Scorching Might,Remnant Glow of Scorching Might,Dream of Scorching Might,Olden Days of Scorching Might,Inactivated Fungal Nucleus,Dormant Fungal Nucleus,Robust Fungal Nucleus,Fungal Spores,Luminescent Pollen,Crystalline Cyst Dust
Twin Nephrite,Catalyst,3 Stars,40,448,CRIT Rate,3.40%,15.60%,Guerilla Tactics,Defeating an opponent increases Movement SPD and ATK by 12~20% for 15s.,Mist Veiled Lead Elixir,Mist Veiled Mercury Elixir,Mist Veiled Gold Elixir,Mist Veiled Primo Elixir,Mist Grass Pollen,Mist Grass,Mist Grass Wick,Recruit's Insignia,Sergeant's Insignia,Lieutenant's Insignia
Vortex Vanquisher,Polearm,5 Stars,46,608,ATK,10.80%,49.60%,Golden Majesty,"Increases Shield Strength by 20~40%. Scoring hits on opponents increases ATK by 4~8% for 8s. Max 5 stacks. Can only occur once every 0.3s. While protected by a shield, this ATK increase effect is increased by 100%.",Grain of Aerosiderite,Piece of Aerosiderite,Bit of Aerosiderite,Chunk of Aerosiderite,Fragile Bone Shard,Sturdy Bone Shard,Fossilized Bone Shard,Treasure Hoarder Insignia,Silver Raven Insignia,Golden Raven Insignia
Wandering Evenstar,Catalyst,4 Stars,42,510,Elemental Mastery,36,165,Wildling Nightstar,"The following effect will trigger every 10s: The equipping character will gain 24~48% of their Elemental Mastery as bonus ATK for 12s, with nearby party members gaining 30% of this buff for the same duration. Multiple instances of this weapon can allow this buff to stack. This effect will still trigger even if the character is not on the field.",Oasis Garden's Reminiscence,Oasis Garden's Kindness,Oasis Garden's Mourning,Oasis Garden's Truth,Inactivated Fungal Nucleus,Dormant Fungal Nucleus,Robust Fungal Nucleus,Fungal Spores,Luminescent Pollen,Crystalline Cyst Dust
Waster Greatsword,Claymore,1 Star,23,185,,,,,,Boreal Wolf's Milk Tooth,Boreal Wolf's Cracked Tooth,Boreal Wolf's Broken Fang,,Dead Ley Line Branch,Dead Ley Line Leaves,,Slime Condensate,Slime Secretions,
Wavebreaker's Fin,Polearm,4 Stars,45,620,ATK,3%,13.80%,Watatsumi Wavewalker,"For every point of the entire party's combined maximum Energy capacity, the Elemental Burst DMG of the character equipping this weapon is increased by 0.12~0.24%. A maximum of 40~80% increased Elemental Burst DMG can be achieved this way.",Mask of the Wicked Lieutenant,Mask of the Tiger's Bite,Mask of the One-Horned,Mask of the Kijin,Concealed Claw,Concealed Unguis,Concealed Talon,Old Handguard,Kageuchi Handguard,Famed Handguard
White Iron Greatsword,Claymore,3 Stars,39,401,DEF,9.60%,43.90%,Cull the Weak,Defeating an opponent restores 8~16% HP.,Fetters of the Dandelion Gladiator,Chains of the Dandelion Gladiator,Shackles of the Dandelion Gladiator,Dream of the Dandelion Gladiator,Chaos Device,Chaos Circuit,Chaos Core,Slime Condensate,Slime Secretions,Slime Concentrate
White Tassel,Polearm,3 Stars,39,401,CRIT Rate,5.10%,23.40%,Sharp,Increases Normal Attack DMG by 24~48%.,Luminous Sands from Guyun,Lustrous Stone from Guyun,Relic from Guyun,Divine Body from Guyun,Hunter's Sacrificial Knife,Agent's Sacrificial Knife,Inspector's Sacrificial Knife,Recruit's Insignia,Sergeant's Insignia,Lieutenant's Insignia
Whiteblind,Claymore,4 Stars,42,510,DEF,11.30%,51.70%,Infusion Blade,"On hit, Normal or Charged Attacks increase ATK and DEF by 6~12% for 6s. Max 4 stacks (24~48%  total). Can only occur once every 0.5s.",Luminous Sands from Guyun,Lustrous Stone from Guyun,Relic from Guyun,Divine Body from Guyun,Hunter's Sacrificial Knife,Agent's Sacrificial Knife,Inspector's Sacrificial Knife,Treasure Hoarder Insignia,Silver Raven Insignia,Golden Raven Insignia
Windblume Ode,Bow,4 Stars,42,510,Elemental Mastery,36,165,Windblume Wish,"After using an Elemental Skill, receive a boon from the ancient wish of the Windblume, increasing ATK by 16~32% for 6s.",Fetters of the Dandelion Gladiator,Chains of the Dandelion Gladiator,Shackles of the Dandelion Gladiator,Dream of the Dandelion Gladiator,Dead Ley Line Branch,Dead Ley Line Leaves,Ley Line Sprout,Whopperflower Nectar,Shimmering Nectar,Energy Nectar
Wine and Song,Catalyst,4 Stars,44,565,Energy Recharge,6.70%,30.60%,Ever-Changing,"Hitting an opponent with a Normal Attack decreases the Stamina consumption of Sprint or Alternate Sprint by 14~22% for 5s. Additionally, using a Sprint or Alternate Sprint ability increases ATK by 20~40% for 5s.",Boreal Wolf's Milk Tooth,Boreal Wolf's Cracked Tooth,Boreal Wolf's Broken Fang,Boreal Wolf's Nostalgia,Dead Ley Line Branch,Dead Ley Line Leaves,Ley Line Sprout,Treasure Hoarder Insignia,Silver Raven Insignia,Golden Raven Insignia
Wolf-Fang,Sword,4 Stars,42,510,CRIT Rate,6%,27.60%,Northwind Wolf,"DMG dealt by Elemental Skill and Elemental Burst is increased by 16~32%. When an Elemental Skill hits an opponent, its CRIT Rate will be increased by 2~4%. When an Elemental Burst hits an opponent, its CRIT Rate will be increased by 2~4%. Both of these effects last 10s separately, have 4 max stacks, and can be triggered once every 0.1s.",Tile of Decarabian's Tower,Debris of Decarabian's City,Fragment of Decarabaian's Epic,Scattered Piece of Decarabian's Dream,Chaos Device,Chaos Circuit,Chaos Core,Damaged Mask,Stained Mask,Ominous Mask
Wolf's Gravestone,Claymore,5 Stars,46,608,ATK,10.80%,49.60%,Wolfish Tracker,"Increases ATK by 20~40%. On hit, attacks against opponents with less than 30% HP increase all party members' ATK by 40~80% for 12s. Can only occur once every 30s.",Fetters of the Dandelion Gladiator,Chains of the Dandelion Gladiator,Shackles of the Dandelion Gladiator,Dream of the Dandelion Gladiator,Chaos Device,Chaos Circuit,Chaos Core,Divining Scroll,Sealed Scroll,Forbidden Curse Scroll
Xiphos' Moonlight,Sword,4 Stars,42,510,Elemental Mastery,36,165,Jinni's Whisper,"The following effect will trigger every 10s: The equipping character will gain 0.036~0.072% Energy Recharge for each point of Elemental Mastery they possess for 12s, with nearby party members gaining 30% of this buff for the same duration. Multiple instances of this weapon can allow this buff to stack. This effect will still trigger even if the character is not on the field.",Copper Talisman of the Forest Dew,Iron Talisman of the Forest Dew,Silver Talisman of the Forest Dew,Golden Talisman of the Forest Dew,Damaged Prism,Turbid Prism,Radiant Prism,Faded Red Satin,Trimmed Red Silk,Rich Red Brocade
